kc,practice_count,mean_acc,acc_std,covered_question_count,covered_student_count,repeat_practice_count,repeat_ratio
120,51212,0.7831367648207451,0.41210869004043343,64,10581,3123,0.06098180114035773
169,34811,0.8706730631122347,0.33556144039950914,32,9680,492,0.01413346356036885
70,34345,0.737108749454069,0.4402038629229956,63,9139,4558,0.13271218517979327
36,32956,0.8399684427721811,0.36663532006485444,68,10558,3702,0.11233159364000485
58,32638,0.7880691218824682,0.4086761321852105,49,10280,6779,0.207702677860163
184,32508,0.7896825396825397,0.40753407980569406,74,10230,83,0.0025532176694967393
12,30207,0.7425762240540272,0.4372147933495508,45,9910,0,0.0
167,28912,0.8125691754288876,0.39025698017038113,41,7835,0,0.0
96,27890,0.7713517389745429,0.419962181339572,29,6661,98,0.003513804230907135
37,27785,0.8038150080978945,0.39711011175047695,52,9795,285,0.010257333093395717
24,27243,0.7929376353558713,0.4052006191901866,39,9818,25562,0.9382960760562347
173,26341,0.7677764701416043,0.4222508283455493,57,8439,1103,0.041873884818344025
28,26181,0.8074939841870058,0.39426824585401427,59,9847,0,0.0
134,25729,0.8077655563760737,0.39405629332434955,37,9068,4224,0.16417272338606242
192,25050,0.8144510978043912,0.3887422116128028,37,9751,2038,0.08135728542914171
0,24639,0.722837777507204,0.4475972798349537,52,9892,170,0.006899630666829011
166,24150,0.8008281573498964,0.399377540361831,18,7366,6864,0.28422360248447204
183,23818,0.7981358636325468,0.40139133874073,28,8391,7853,0.32970862372995213
269,23655,0.8304375396322131,0.37524796122272225,71,9048,423,0.017882054533925173
144,23369,0.8028156960075313,0.39787266084951645,56,9857,8,0.00034233386109803587
224,22927,0.8477341126183103,0.3592784253494166,33,9982,3051,0.13307454093426963
234,22834,0.8139178418148375,0.3891729545977144,40,8618,0,0.0
122,22771,0.8076500812436872,0.39414645439322765,29,9431,3779,0.16595669931052653
52,22712,0.8061377245508982,0.3953222655085321,47,9059,3002,0.13217682282493837
26,22485,0.8060040026684456,0.39542578361923986,36,8346,0,0.0
88,22378,0.8340781124318527,0.3720105036070493,54,8670,4015,0.17941728483331842
157,21746,0.7683252092338821,0.4219023371463986,38,8750,1468,0.06750666789294583
2,21194,0.7811644805133529,0.4134568114055644,41,9404,1179,0.05562895159007266
77,21077,0.7692271196090525,0.42132737635597917,25,9261,9,0.0004270057408549604
172,20887,0.8501460238425815,0.3569282308633353,12,5646,0,0.0
103,20570,0.7835683033543996,0.4118118712867651,24,7859,0,0.0
35,20503,0.7932985416768278,0.4049394589938676,30,9354,1540,0.07511095937179925
62,20427,0.8842218632202478,0.3199586845571804,21,8976,604,0.029568708082439908
274,20377,0.728615596015115,0.4446739358885943,50,8789,2720,0.133483829808117
225,20301,0.8145411556080981,0.3886693471689299,24,8923,0,0.0
119,20151,0.7422956677087986,0.4373703343958612,29,8479,0,0.0
108,19754,0.8538523843272249,0.3532541437916022,41,8647,12,0.0006074719044244204
4,19418,0.6877124317643424,0.46342641590776534,21,7304,0,0.0
38,19403,0.715044065350719,0.451393453604985,49,9083,86,0.004432304282842859
389,19383,0.7632461435278337,0.4250899527367393,58,5652,57,0.0029407212505804057
315,19304,0.8555221715706589,0.35157358478941925,27,7568,0,0.0
286,19136,0.8061245819397993,0.3953324428024888,45,8378,8325,0.4350438963210702
165,18500,0.8294594594594594,0.376106985540924,16,7838,0,0.0
182,18316,0.7739681153090194,0.41826005283080026,23,7602,0,0.0
50,18242,0.7597851112816577,0.4272138761280779,41,7405,2245,0.12306764609143735
30,18167,0.7296746848681676,0.44412784097679336,26,8699,7074,0.38938735069081304
249,18084,0.8470471134704711,0.35994208010708323,37,6431,736,0.0406989604069896
29,17984,0.7493883451957295,0.43336526542921683,33,8672,0,0.0
61,17953,0.7952988358491617,0.40348308210646183,35,9362,17752,0.9888040995933827
129,17813,0.8192331443327907,0.3848248946721089,24,9234,353,0.019816987593330712
60,17755,0.8552520416784004,0.3518465388252782,17,9043,4274,0.24072092368346945
409,17701,0.7559459917518784,0.4295249111590006,38,5529,255,0.014405965764646065
303,17268,0.7343641417651147,0.441671200164445,28,8787,0,0.0
186,17179,0.7640142033878573,0.42461335401689276,17,8280,0,0.0
220,17092,0.8216709571729464,0.3827894921643493,50,8663,50,0.0029253451907325064
322,16539,0.7901324142934881,0.4072139267955257,15,8759,238,0.014390229155329826
17,15981,0.85257493273262,0.35452914803805413,23,7655,0,0.0
43,15949,0.7919618784876795,0.4059042516529551,16,8008,0,0.0
162,15841,0.7361277697115081,0.4407308434533133,27,8160,1656,0.10453885487027334
150,15834,0.8582796513830997,0.3487630877899847,21,7721,6471,0.40867752936718454
214,15744,0.8275533536585366,0.3777681835557961,27,8437,0,0.0
49,15741,0.8171653643351756,0.38653089354686165,22,7682,224,0.014230353852995363
237,15727,0.699306924397533,0.45855942895899127,14,6539,47,0.0029884911299039867
51,15714,0.8403970981290569,0.3662373760081256,27,7608,0,0.0
223,15598,0.848826772663162,0.35821764707144554,26,7625,0,0.0
163,15544,0.8073211528564076,0.394402977938819,29,8933,0,0.0
158,15385,0.8044198895027624,0.39664660703846427,21,8474,0,0.0
3,15279,0.7987433732574122,0.40093939309424625,30,7112,1896,0.12409189083055173
280,15200,0.8334868421052631,0.3725406369010759,24,8202,0,0.0
130,15148,0.814959070504357,0.3883307661092943,18,7105,3656,0.2413519936625297
1,14635,0.8269217628971643,0.3783148965401842,25,8306,476,0.03252476938845234
91,14496,0.8456125827814569,0.3613197235456854,21,8240,0,0.0
87,14410,0.8678001387925052,0.338707924182789,28,7671,3467,0.2405968077723803
68,14128,0.8094563986409966,0.3927298528761783,30,7527,0,0.0
126,14056,0.7566163915765509,0.42912472263227885,8,5881,2059,0.14648548662492886
97,13972,0.7484254222731177,0.4339179756226091,28,6860,1072,0.07672487832808474
330,13826,0.7292058440619124,0.4443699821633616,25,7130,561,0.0405757268913641
18,13547,0.8032036613272311,0.3975770865602817,65,6096,1593,0.11759061046726213
253,13525,0.8327541589648798,0.37319521659792937,20,5893,440,0.03253234750462107
124,13431,0.8299456481274663,0.37568054152663566,23,8107,5479,0.40793686248231703
232,13339,0.7699977509558438,0.42083395119546396,28,6467,0,0.0
460,13199,0.7639972725206455,0.4246238807481981,35,4806,261,0.01977422532010001
154,13196,0.7684146711124583,0.42184542706018613,10,6790,34,0.002576538344953016
252,13010,0.6836279784780938,0.46505995905909675,15,7715,4854,0.373097617217525
66,12977,0.7852354165061263,0.4106589304649014,15,6858,9092,0.7006241812437389
176,12876,0.7990835663249456,0.4006856877333552,37,5985,549,0.04263746505125816
261,12865,0.7240575204041975,0.4469879501175872,28,6851,732,0.05689856198989506
362,12765,0.8464551508029768,0.36051189783707077,32,7575,10,0.0007833920877399138
113,12734,0.8386995445264646,0.36780785545929473,13,7993,0,0.0
63,12719,0.8109914301438792,0.39151542801920935,26,7782,5137,0.4038839531409702
7,12640,0.6508702531645569,0.4766950458207663,44,7494,405,0.032041139240506326
368,12575,0.7739960238568588,0.4182417708821438,38,5355,1304,0.10369781312127237
360,12491,0.759106556720839,0.42762576192772883,21,7488,2163,0.17316467856856937
260,12420,0.8119967793880838,0.3907147420452207,27,7738,0,0.0
41,12331,0.8395912740248155,0.36698469532965905,5,5610,0,0.0
324,12322,0.6951793540009739,0.4603314238369596,18,5911,2345,0.1903100146080182
75,12216,0.7230681074001309,0.44748253536973226,11,6586,0,0.0
228,11995,0.8557732388495206,0.35131951627901625,13,6066,226,0.018841183826594415
198,11964,0.8454530257438984,0.36147227695133893,17,8021,0,0.0
213,11955,0.7158511083228775,0.4510080919848173,32,7114,0,0.0
152,11836,0.7772051368705644,0.4161217515254058,30,5549,2735,0.23107468739439
80,11786,0.7384184625827253,0.4394958892864525,14,6978,9231,0.7832173765484474
100,11767,0.7867765785671794,0.40958417203952396,38,6411,31,0.0026344862751763406
71,11706,0.7592687510678284,0.4275274432357863,31,6963,54,0.0046130189646335215
209,11664,0.829818244170096,0.375792397225589,28,4966,598,0.05126886145404664
146,11605,0.7390779836277467,0.4391374702123367,25,5460,1296,0.11167600172339509
256,11600,0.8251724137931035,0.37981956414588064,24,7757,435,0.0375
53,11529,0.7818544539856015,0.4129867634301109,18,7200,0,0.0
82,11489,0.7857080685873444,0.4103302323057482,15,7361,0,0.0
109,11487,0.845042221641856,0.361864429426895,22,6821,0,0.0
288,11475,0.7869281045751634,0.40947803702384833,48,6593,1259,0.10971677559912854
308,11384,0.846890372452565,0.3600931400342427,21,6792,465,0.04084680252986648
23,11350,0.8510132158590309,0.35607544466348906,12,6124,3951,0.3481057268722467
15,11317,0.7404789255102943,0.4383718585691996,18,6669,0,0.0
8,11271,0.7559222784136279,0.4295390406139791,34,5559,0,0.0
19,11229,0.7400480897675661,0.43860792810771504,22,7363,0,0.0
93,11158,0.8046244846746728,0.39648949965502234,27,6132,187,0.016759275855888153
6,11157,0.790624719906785,0.406862719082374,24,6233,175,0.01568522004122972
200,11042,0.8404274587936968,0.3662091551275935,25,7795,2089,0.1891867415323311
112,11041,0.7081786070102346,0.4546005582742704,14,5659,0,0.0
21,11017,0.846146863937551,0.36080791092518816,27,6350,440,0.039938277207951345
65,10953,0.792842143704921,0.4052696372420544,16,7188,0,0.0
139,10951,0.8100630079444799,0.3922511072061128,19,7516,129,0.01177974614190485
78,10926,0.8069741900054915,0.39467308835347825,23,6615,15,0.0013728720483250961
221,10850,0.8702304147465437,0.3360497582153604,13,7027,5912,0.5448847926267281
151,10810,0.8625346901017577,0.3443379132085553,9,6675,1208,0.11174838112858465
27,10623,0.8183187423515015,0.38558161038586686,14,6125,0,0.0
175,10564,0.8398333964407422,0.36676049768690927,18,5982,1439,0.13621734191594093
193,10561,0.7914970173279046,0.4062382169231931,5,7330,1851,0.17526749360855978
317,10469,0.8059986627185023,0.3954299159326318,22,4757,8897,0.8498423918234789
271,10446,0.8182079264790351,0.3856730681884762,24,6761,348,0.03331418724870764
344,10427,0.7872830152488731,0.4092291157157757,28,5944,2098,0.2012084012659442
95,10406,0.7266000384393619,0.4457044116668352,19,6114,826,0.0793772823371132
89,10392,0.7770400307929176,0.4162316918955826,29,5404,2326,0.22382602001539645
306,10349,0.8339936225722292,0.372086361052215,14,6695,45,0.0043482462073630304
294,10227,0.8778722988168574,0.32743323867143315,11,6720,7,0.0006844626967830253
107,10117,0.6887417218543046,0.46300816670062345,12,7113,4383,0.43323119501828605
180,10075,0.830272952853598,0.37539282973089005,26,6235,1882,0.18679900744416875
406,10028,0.8584962106102911,0.34854048111813607,20,4226,17,0.0016952532907857998
67,10019,0.8387064577303124,0.3678014892462837,17,5688,1507,0.1504142129953089
72,10012,0.7885537355173792,0.4083341055054872,24,4863,2832,0.28286056731921694
143,10003,0.9000299910026992,0.29996000783167814,9,5360,4121,0.41197640707787664
385,9892,0.8499797816417307,0.35709123825992495,33,7108,678,0.06854023453295592
320,9849,0.8594781196060514,0.34752767015663294,16,3743,0,0.0
11,9788,0.7161830813240703,0.4508490604950069,6,6205,4988,0.5096035962402943
356,9693,0.8196636748168782,0.38446733931839927,22,6409,1388,0.14319612091199835
307,9503,0.7692307692307693,0.4213250442347432,10,4497,0,0.0
125,9464,0.860207100591716,0.3467720356131812,5,6003,0,0.0
333,9357,0.7501335898257989,0.43293554628935127,41,4864,0,0.0
263,9285,0.8753904146472805,0.3302756978509663,13,6307,3900,0.420032310177706
149,9214,0.7901020186672455,0.40723558140858607,34,5424,0,0.0
76,9090,0.7402640264026402,0.43848967789081583,10,6956,0,0.0
379,9052,0.8504197967300045,0.35665945390484516,15,4035,2589,0.2860141405214317
160,8994,0.801979097175895,0.3985079985004458,14,5884,0,0.0
314,8984,0.799087266251113,0.4006829259731887,10,4522,0,0.0
551,8876,0.7861649391617845,0.41001174080083624,24,3173,5080,0.5723298783235692
302,8839,0.8082362258174002,0.39368823844997536,19,6004,180,0.02036429460346193
199,8814,0.8547764919446336,0.3523260432659774,15,6556,3320,0.37667347401860674
14,8786,0.7409515137719098,0.43811227785925505,22,4922,427,0.04860004552697473
328,8732,0.7519468621163536,0.43188282979266857,27,5083,0,0.0
116,8726,0.8777217510887004,0.32760689668333576,11,6060,2159,0.24742149896859958
187,8615,0.8188044109112014,0.3851801495191073,18,4281,1825,0.2118398142774231
423,8599,0.7768345156413536,0.4163684077227967,27,4191,1632,0.189789510408187
164,8570,0.6623103850641774,0.47292212773385683,9,5667,0,0.0
128,8564,0.765063054647361,0.42395940496822354,29,6227,0,0.0
255,8462,0.9059324036870716,0.29192273573128275,8,5304,6770,0.800047270148901
354,8396,0.7403525488327776,0.43844116169628433,13,5461,546,0.06503096712720342
398,8367,0.8007649097645512,0.39942517328571236,26,5779,1044,0.12477590534241664
310,8279,0.808793332528083,0.3932514180345707,17,5283,39,0.004710713854330233
284,8155,0.7684855916615573,0.4218002928758389,21,6290,945,0.11587982832618025
365,8139,0.755989679321784,0.42949887552906374,14,6208,0,0.0
84,8107,0.8334772418897249,0.37254923049393335,17,5397,6962,0.8587640310842481
459,8100,0.7709876543209877,0.4201972051377887,16,3882,3055,0.3771604938271605
414,8048,0.76081013916501,0.4265888785572452,22,3591,0,0.0
250,8012,0.6814777833250125,0.4659032240277372,23,6106,2021,0.2522466300549176
278,7880,0.8233502538071066,0.3813720143939245,30,5955,150,0.01903553299492386
201,7826,0.815359059545106,0.38800600969936827,9,5399,0,0.0
262,7813,0.7531038013567132,0.4312058275798014,9,4645,0,0.0
197,7805,0.9100576553491352,0.28609914241320245,7,5501,0,0.0
118,7802,0.7318636247116124,0.44298900611143005,14,6056,0,0.0
185,7795,0.7681847338037203,0.42199164512419873,14,5521,1180,0.15137908915971776
367,7763,0.71827901584439,0.4498380500157857,25,5097,1204,0.1550946798917944
318,7660,0.7809399477806789,0.41360941205561247,6,5751,0,0.0
59,7542,0.7637231503579952,0.42479418541836733,10,5317,110,0.01458499071864227
226,7482,0.764234161988773,0.4244765101134465,14,6171,609,0.08139534883720931
190,7422,0.7353812988412827,0.4411299628859854,26,5252,0,0.0
210,7339,0.7642730617250306,0.424452292780329,24,5002,1756,0.23926965526638508
420,7274,0.8214187517184492,0.383001287261223,13,5009,2,0.00027495188342040145
283,7174,0.8815165876777251,0.32317966106601553,10,5788,8,0.001115137998327293
171,7078,0.8233964396722238,0.3813328504172303,23,4870,73,0.010313647923142131
55,7061,0.814049001557853,0.3890671209708109,11,5920,3504,0.49624699051125903
438,7032,0.7465870307167235,0.4349653276783215,20,3583,38,0.00540386803185438
54,6995,0.7912794853466762,0.40639421922091296,14,5680,4769,0.6817726947819871
329,6974,0.8151706337826211,0.3881590802764517,14,6179,6134,0.8795526240321193
505,6972,0.631956397016638,0.4822732724155335,19,4723,431,0.06181870338496845
313,6911,0.7977137896107654,0.4017044927251834,13,4238,23,0.003328027781797135
227,6883,0.8690977771320645,0.33729338996809416,6,5396,78,0.011332267906436147
363,6883,0.752869388348104,0.43134333475371534,2,4724,1403,0.20383553682987068
57,6872,0.8201396973224679,0.384071053580296,11,5240,0,0.0
364,6864,0.7817599067599068,0.4130512739874416,7,4707,3644,0.5308857808857809
373,6860,0.8708454810495627,0.3353708830311875,9,4791,3329,0.48527696793002917
233,6846,0.7413087934560327,0.43791559255271295,14,4595,0,0.0
430,6723,0.8777331548415885,0.3275937480072238,21,4338,811,0.12063067083147404
242,6717,0.7824921840107191,0.4125508041112682,36,4817,298,0.04436504391841596
510,6686,0.6930900388872271,0.4612117050580234,35,3367,254,0.03798982949446605
291,6681,0.8437359676695105,0.3631054730106738,23,4267,3831,0.5734171531207903
361,6491,0.7890925897396395,0.4079527847161096,12,4816,2958,0.45570790325065474
335,6460,0.81671826625387,0.3868973246497612,9,5261,2281,0.35309597523219816
375,6404,0.8168332292317302,0.38680318620015774,13,5539,0,0.0
13,6395,0.707896794370602,0.45472950519009386,14,5274,0,0.0
509,6389,0.7732039442792299,0.4187596026723106,14,3673,3092,0.48395680075129127
215,6339,0.7516958510806121,0.4320291640026242,33,3817,0,0.0
189,6316,0.8201393286890437,0.3840713608517673,8,4908,2339,0.3703293223559215
404,6303,0.7325083293669681,0.4426509649543096,21,3191,2,0.00031730921783277807
170,6295,0.8733915806195394,0.33253379906776703,8,3897,10,0.0015885623510722795
44,6276,0.8459209687699172,0.36102449136489617,25,3896,1062,0.16921606118546845
79,6272,0.6540178571428571,0.4756873970173295,5,4980,5483,0.8742028061224489
16,6229,0.7404077701075614,0.4384108849833794,18,3848,0,0.0
222,6204,0.8518697614442295,0.3552290401715223,12,5010,19,0.0030625402965828497
499,6165,0.7427412814274128,0.4371231751931915,27,4033,0,0.0
332,6126,0.7295135488083578,0.4442111332614184,10,5283,35,0.005713352921971923
348,6061,0.8072925259858109,0.3944252824975343,15,4669,0,0.0
277,6005,0.7746877601998334,0.41778778631788505,22,4843,212,0.03530391340549542
304,6003,0.9013826420123272,0.2981475720028657,4,5520,0,0.0
342,5964,0.8442320590207915,0.3626352017417867,3,4796,0,0.0
408,5855,0.7607173356105892,0.4266456034135537,9,2871,0,0.0
20,5739,0.7487367137131905,0.4337396076578231,18,4912,0,0.0
451,5645,0.7434898139946856,0.4367066641131475,19,2839,317,0.05615589016829052
345,5578,0.8038723556830405,0.39706623056064555,21,3733,2079,0.3727142344926497
196,5576,0.8715925394548063,0.3345429488444319,13,4577,903,0.16194404591104736
188,5550,0.7756756756756756,0.4171365745661242,14,4386,29,0.005225225225225226
207,5523,0.7533948940793047,0.43103483345843163,7,4644,63,0.011406844106463879
473,5443,0.8006613999632556,0.3995030945714129,18,4246,393,0.07220282932206504
177,5433,0.7872262101969446,0.4092689875569619,9,4351,1353,0.24903368304803974
243,5432,0.8019145802650958,0.3985568795333372,16,3494,0,0.0
203,5421,0.7906290352333518,0.406859636581624,6,4072,5421,1.0
178,5420,0.7459409594095942,0.4353309597130538,13,3799,829,0.1529520295202952
202,5410,0.789463955637708,0.40768936506434783,5,4062,5323,0.9839186691312385
115,5396,0.7837286879169756,0.41170138650836663,5,4354,316,0.05856189770200148
506,5389,0.7377992206346261,0.43983125248845656,20,3197,83,0.015401744293932084
33,5344,0.7934131736526946,0.40485640605905404,22,3764,10,0.0018712574850299401
309,5309,0.8046713128649463,0.39645351696907677,4,5057,0,0.0
301,5303,0.748444276824439,0.43390718052733523,5,5246,0,0.0
316,5289,0.905464170920779,0.2925727364255346,4,4885,0,0.0
292,5273,0.8928503698084582,0.30930338979933225,7,4246,0,0.0
466,5255,0.7118934348239772,0.4528809692165227,13,3355,0,0.0
123,5223,0.8018380241240666,0.3986148607275943,1,4174,0,0.0
239,5214,0.85385500575374,0.35325151790618065,12,4689,0,0.0
297,5201,0.8961738127283215,0.3050349326033084,16,3986,11,0.0021149778888675257
64,5184,0.7501929012345679,0.43290127300786463,9,3979,2540,0.48996913580246915
299,5147,0.7738488439867884,0.41833815346810005,7,4329,0,0.0
585,5139,0.6551858338198093,0.4753076445647077,32,3218,0,0.0
341,5121,0.8150751806287835,0.3882365651915588,10,4421,0,0.0
401,5121,0.7834407342315954,0.4118996846056745,14,4299,359,0.07010349541105253
231,5075,0.8398029556650246,0.3667887011909081,12,4321,142,0.027980295566502462
443,5039,0.7842825957531256,0.41131910453061254,24,2650,141,0.027981742409208175
327,5018,0.7730171383021124,0.41888141781812815,21,4484,0,0.0
391,4970,0.7758551307847082,0.41701792146111843,8,3737,0,0.0
155,4958,0.7759177087535296,0.4169765197180801,5,4252,0,0.0
81,4940,0.8204453441295546,0.3838160776018786,1,3870,0,0.0
266,4932,0.5093268450932684,0.4999130023920223,12,4225,0,0.0
448,4931,0.814642060433989,0.38858766553488805,13,3948,0,0.0
386,4927,0.8447331033083012,0.3621589257265768,6,4411,0,0.0
474,4891,0.855448783479861,0.3516477816262843,22,4333,52,0.01063177264363116
349,4853,0.758912013187719,0.42774357906002797,7,3606,174,0.03585411085926231
121,4847,0.7084794718382504,0.4544626605366431,10,3332,0,0.0
431,4832,0.8540976821192053,0.35300825984359946,7,2968,0,0.0
168,4831,0.7863796315462637,0.4098618140732633,13,3335,0,0.0
102,4821,0.7496370047707944,0.4332220745172923,27,2522,73,0.015142086704003318
594,4809,0.794343938448742,0.4041802146301613,26,2787,0,0.0
461,4792,0.8080133555926544,0.3938626318611008,12,2396,0,0.0
445,4787,0.7564236473783162,0.4292399248266649,11,2198,0,0.0
10,4786,0.7411199331383201,0.43801960897130177,2,4028,0,0.0
211,4718,0.7829588808817295,0.41223084762079515,14,3664,1165,0.24692666384061043
22,4705,0.8478214665249735,0.3591938577208925,12,3354,735,0.15621679064824653
405,4702,0.7275627392598895,0.44521365623769404,9,3640,0,0.0
489,4626,0.7987462170341548,0.40093727415617236,26,3103,385,0.0832252485948984
305,4624,0.8680795847750865,0.3384042246660049,17,3815,238,0.051470588235294115
295,4596,0.65970409051349,0.47380861481536934,5,4489,0,0.0
235,4571,0.8831765478013563,0.32120979626255924,5,4358,0,0.0
418,4563,0.7218934911242604,0.44806615426372903,12,2975,0,0.0
245,4560,0.8730263157894737,0.3329434902930704,4,3579,0,0.0
127,4553,0.9286184933011201,0.2574610401600165,1,3645,0,0.0
387,4526,0.8007070260715864,0.39946875280950606,7,3359,0,0.0
282,4477,0.916238552602189,0.277029722823445,12,3934,3681,0.8222023676569131
287,4468,0.8795881826320502,0.32544248586516383,4,3761,113,0.025290957923008058
281,4461,0.8932974669356647,0.3087346797850701,7,4209,3286,0.7366061421206007
131,4453,0.9593532450033685,0.19747049477042208,1,2955,0,0.0
582,4450,0.7750561797752809,0.41754532444685377,3,3172,3036,0.682247191011236
357,4439,0.6656904708267628,0.4717485218601174,10,3711,0,0.0
331,4398,0.8717598908594816,0.33435697024011085,2,3780,0,0.0
111,4379,0.7175154144781913,0.4502077792135323,5,3644,499,0.11395295729618635
366,4340,0.8483870967741935,0.35864527154452863,25,3800,0,0.0
98,4328,0.8680683918669131,0.3384163986991536,4,4276,0,0.0
417,4305,0.7481997677119628,0.4340470888137918,9,3483,0,0.0
390,4238,0.6571495988673903,0.4746619887623385,10,2687,2084,0.49174138744690893
455,4235,0.6495867768595042,0.47709935672644216,14,3344,3988,0.941676505312869
114,4234,0.8403401039206424,0.3662903406633682,12,2849,0,0.0
257,4211,0.8784136784611731,0.3268074172253192,6,3884,0,0.0
264,4193,0.8072978774147388,0.39442111319805906,15,2981,253,0.060338659670880035
569,4186,0.9073100812231247,0.28999740987465994,11,3110,0,0.0
502,4183,0.7855606024384413,0.41043287189867533,21,3087,406,0.0970595266555104
86,4176,0.810823754789272,0.39164855860669073,19,3657,0,0.0
683,4174,0.8342117872544322,0.3718904156605789,7,2096,0,0.0
394,4171,0.8861184368257012,0.31766736178474014,12,2505,0,0.0
321,4141,0.8633180391209853,0.3435112843114214,5,3614,0,0.0
447,4136,0.8970019342359767,0.3039563524799131,7,2821,0,0.0
503,4115,0.7353584447144593,0.44114215679482593,10,3236,3094,0.7518833535844471
270,4089,0.8107116654438739,0.39173748985397633,12,3465,1294,0.3164587918806554
279,4076,0.8989205103042198,0.30143395040808,6,3542,0,0.0
407,4072,0.7978880157170923,0.4015753106107662,4,2363,0,0.0
32,4039,0.977964842782867,0.1467978510181576,5,4010,0,0.0
369,4038,0.821198613174839,0.3831859220986075,5,3538,0,0.0
416,4013,0.9073012708696736,0.2900097838831456,8,3472,0,0.0
312,3941,0.8383658969804618,0.36811481871911583,9,3511,934,0.23699568637401675
581,3930,0.7470737913486005,0.43468901714746394,3,2929,0,0.0
137,3905,0.6443021766965429,0.47872422311873847,3,3106,3191,0.817157490396927
393,3888,0.8539094650205762,0.35319695719081384,8,3668,727,0.18698559670781892
535,3855,0.8321660181582361,0.37371879318667184,12,3491,181,0.04695201037613489
236,3810,0.8808398950131233,0.32397681146402,1,3807,3810,1.0
382,3759,0.7786645384410747,0.4151458478841174,24,1326,1107,0.2944932162809258
83,3755,0.785352862849534,0.4105773296999909,6,3057,0,0.0
437,3747,0.8027755537763545,0.39790320938065066,7,2718,0,0.0
289,3720,0.8604838709677419,0.34648431244734934,7,3232,83,0.022311827956989248
400,3702,0.8698001080497029,0.3365232236955246,9,2647,0,0.0
479,3701,0.9373142393947582,0.24239689771650166,6,2881,1375,0.37152121048365305
153,3684,0.8270901194353963,0.3781693453569951,22,2378,0,0.0
258,3661,0.6795957388691615,0.46663194337726166,18,3092,123,0.0335973777656378
31,3657,0.7667487011211376,0.4229008517964773,5,3175,610,0.16680339075745146
422,3645,0.8065843621399177,0.3949759852082906,6,3083,0,0.0
25,3634,0.8423225096312603,0.3644383341523716,13,2973,0,0.0
403,3628,0.7841786108048512,0.4113909541555634,7,2924,0,0.0
148,3609,0.7506234413965087,0.43265215892512404,3,3381,1180,0.32696037683568857
351,3605,0.9009708737864077,0.2987011188043403,4,3049,0,0.0
352,3605,0.9009708737864077,0.2987011188043403,4,3049,3605,1.0
378,3599,0.8152264517921645,0.38811375148340493,5,2854,3599,1.0
140,3595,0.8272600834492351,0.3780222715407119,21,2991,1847,0.513769123783032
376,3590,0.8183844011142062,0.38552739607860337,4,2832,0,0.0
195,3546,0.9514946418499718,0.21483153488434997,1,3545,0,0.0
212,3541,0.8932504942106749,0.30879450902349265,3,3027,2795,0.7893250494210675
359,3526,0.7912648893930799,0.40640468034563393,10,3364,194,0.055019852524106634
377,3504,0.8187785388127854,0.3852015617730352,3,2777,3504,1.0
290,3487,0.919414969888156,0.27219677263648295,4,1952,1694,0.48580441640378547
194,3482,0.7722573233773693,0.4193756667564184,2,3454,0,0.0
208,3480,0.7827586206896552,0.4123682364412707,4,2825,1486,0.42701149425287355
104,3472,0.6972926267281107,0.4594296675648215,8,1900,0,0.0
498,3442,0.768158047646717,0.42200860356431247,3,3207,0,0.0
156,3435,0.8072780203784571,0.3944365832327125,2,3182,3060,0.8908296943231441
371,3417,0.9818554287386596,0.13347413904978936,3,2943,3289,0.9625402399765877
319,3404,0.5255581668625147,0.4993463528520338,3,3371,0,0.0
247,3393,0.9174771588564692,0.27515962972996305,5,3155,0,0.0
136,3370,0.7418397626112759,0.4376225876484459,11,2339,372,0.11038575667655787
446,3350,0.722089552238806,0.44796900650197513,9,1980,3350,1.0
497,3340,0.732934131736527,0.4424270451409479,12,3030,176,0.05269461077844311
370,3329,0.9789726644638029,0.1434753870754327,2,2912,0,0.0
296,3326,0.8235117257967528,0.3812350498996736,2,2654,3326,1.0
99,3324,0.8754512635379061,0.3302065243265035,14,2830,318,0.09566787003610108
90,3321,0.7705510388437218,0.42047846006731776,14,2539,2494,0.75097862089732
267,3314,0.8627036813518407,0.3441599040182084,17,2714,0,0.0
298,3309,0.8419462073133878,0.36479143534900826,14,3206,2214,0.6690843155031732
372,3289,0.9875342049255093,0.11095223759641594,1,2877,3289,1.0
358,3240,0.8802469135802469,0.32467258078361994,7,3074,179,0.055246913580246915
476,3234,0.7619047619047619,0.42591770999995987,6,2806,7,0.0021645021645021645
39,3219,0.74246660453557,0.43727559465969684,11,2547,0,0.0
325,3145,0.6346581875993641,0.4815258793797634,3,2965,0,0.0
56,3135,0.7170653907496013,0.45042492841618226,6,2893,2233,0.712280701754386
635,3134,0.8312061263560945,0.37456975567201206,16,2278,0,0.0
444,3107,0.7969102027679433,0.4022988087134969,9,2875,0,0.0
133,3083,0.817385663314953,0.38635002358240816,9,2409,0,0.0
191,3058,0.7854807063440157,0.4104884484432197,5,3056,0,0.0
537,3057,0.8315341838403664,0.3742794209481763,12,1441,2581,0.8442917893359503
216,3049,0.6707117087569695,0.46995479835115594,4,2844,2387,0.782879632666448
575,3020,0.8314569536423841,0.3743478167187708,9,2965,284,0.09403973509933775
159,3011,0.7695117901029558,0.4211453371408738,2,3011,0,0.0
206,3000,0.8623333333333333,0.3445497867588305,4,2970,0,0.0
829,2990,0.6451505016722408,0.4784676915574309,11,1237,184,0.06153846153846154
101,2980,0.8919463087248322,0.310448209975478,6,2941,0,0.0
204,2935,0.7546848381601363,0.4302739048691486,4,2832,78,0.026575809199318567
504,2931,0.8679631525076765,0.3385308234069866,8,2530,557,0.1900375298532924
272,2930,0.8443686006825939,0.36250554045960764,10,2717,94,0.032081911262798635
402,2894,0.7995853489979268,0.4003106527008623,7,2182,0,0.0
381,2861,0.8367703600139811,0.3695750595157275,6,1909,0,0.0
380,2838,0.7159971811134602,0.45093815291128236,10,2797,1230,0.4334038054968288
293,2823,0.7513283740701382,0.43224304319128226,6,2732,0,0.0
421,2822,0.718284904323175,0.44983519264795446,9,2106,0,0.0
273,2818,0.9378992193044713,0.24133850445491406,1,2818,0,0.0
244,2813,0.809456096693921,0.3927300907989641,15,2580,0,0.0
343,2808,0.9145299145299145,0.2795799527144637,2,2794,132,0.04700854700854701
300,2738,0.5244704163623083,0.49940083973002614,2,2726,0,0.0
587,2736,0.7997076023391813,0.40021913135193715,19,1187,2736,1.0
339,2724,0.6670337738619677,0.47127456794254136,2,2715,0,0.0
161,2718,0.869757174392936,0.3365703967745112,3,2715,2486,0.9146431199411332
501,2677,0.8244303324617108,0.3804536231642219,2,2361,0,0.0
564,2657,0.7651486639066617,0.423905869301797,13,1596,2,0.0007527286413248024
559,2643,0.8422247446083996,0.3645301416587053,7,2252,2425,0.9175179720015134
534,2640,0.8268939393939394,0.37833893850291367,6,2339,0,0.0
700,2637,0.8115282518012893,0.39108841497752456,12,1118,0,0.0
323,2631,0.8779931584948689,0.3272937092751294,3,2631,312,0.11858608893956671
251,2596,0.9506933744221879,0.2165074646563981,2,2596,0,0.0
550,2590,0.7138996138996139,0.45193689291049927,5,2590,3,0.0011583011583011582
723,2573,0.7252234745433346,0.4464015977957829,6,2346,1490,0.579090555771473
181,2572,0.6959564541213064,0.4600011609639745,3,2439,0,0.0
396,2558,0.6297888975762315,0.4828611001788677,3,1531,0,0.0
92,2556,0.8192488262910798,0.3848118850968197,6,2294,0,0.0
433,2541,0.8421881149153877,0.36456452653906624,6,1734,1518,0.5974025974025974
399,2498,0.923138510808647,0.26637154628571086,5,2493,0,0.0
531,2470,0.7340080971659919,0.44185994439499915,7,2289,243,0.09838056680161944
472,2469,0.7942486836776023,0.40424956667137985,21,1969,854,0.3458890238963143
205,2459,0.7966653111020741,0.4024794320070401,9,2451,0,0.0
285,2449,0.8942425479787668,0.30752693111857654,7,2245,0,0.0
241,2443,0.9066721244371674,0.2908913597990855,4,2080,0,0.0
254,2419,0.6395204630012402,0.48013960511909404,2,2396,161,0.06655642827614716
527,2407,0.6028250934773577,0.4893127835560529,5,1969,0,0.0
496,2399,0.8145060441850771,0.38869775941090057,28,1462,1,0.00041684035014589413
248,2392,0.8298494983277592,0.37576496437657086,4,2388,0,0.0
560,2369,0.7821865766146053,0.4127599011271922,4,2293,1307,0.5517095821021528
439,2359,0.8762187367528613,0.32933184194074094,7,1713,1010,0.4281475201356507
334,2337,0.7740693196405648,0.41819374461098513,10,1781,0,0.0
105,2314,0.5751944684528955,0.49431345512143054,6,2272,435,0.18798617113223856
346,2313,0.9381755296152183,0.24083646992601207,11,1871,0,0.0
515,2245,0.7046770601336303,0.4561877914357796,4,2227,837,0.37282850779510024
454,2221,0.7775776677172445,0.415873344162204,3,1861,1186,0.5339936965330933
540,2217,0.8845286423094272,0.319589929822059,2,2165,0,0.0
751,2203,0.7784838856105311,0.41526705317814544,5,1495,0,0.0
432,2196,0.5774134790528234,0.4939708020328106,11,1738,0,0.0
514,2190,0.9424657534246575,0.23286059573562495,2,1981,0,0.0
413,2183,0.7833256985799358,0.41197882048012047,6,2170,217,0.09940448923499771
5,2173,0.9332719742291763,0.2495503883939114,2,2164,0,0.0
410,2166,0.7428439519852262,0.4370661448616184,7,1730,0,0.0
488,2162,0.7696577243293247,0.4210519109439238,11,1441,0,0.0
240,2153,0.8880631676730144,0.31528872148490483,7,2138,1536,0.7134231305155597
347,2151,0.9274755927475593,0.2593542319013184,2,2144,0,0.0
532,2126,0.8297271872060207,0.37587229482525814,6,1155,713,0.33537158984007526
69,2121,0.7703913248467704,0.4205811829452291,14,1925,0,0.0
428,2099,0.9414006669842783,0.23487326622209329,5,2093,0,0.0
549,2098,0.6897044804575786,0.4626145372708473,6,2083,0,0.0
577,2061,0.7006307617661329,0.45798176539371216,2,2059,0,0.0
425,2043,0.8526676456191875,0.35443692207982397,5,1617,0,0.0
664,2035,0.6407862407862408,0.4797699807254291,4,1736,5,0.002457002457002457
523,2025,0.797037037037037,0.40220516981791504,6,1853,2023,0.9990123456790123
442,2025,0.7002469135802469,0.4581497283657224,6,1579,220,0.10864197530864197
737,2015,0.9081885856079405,0.28875955149464594,3,1966,362,0.17965260545905706
238,2007,0.6108619830592925,0.4875547361190959,3,2007,1475,0.7349277528649726
397,1992,0.7414658634538153,0.4378290040489591,6,1897,0,0.0
512,1980,0.5833333333333334,0.4930066485916347,4,1870,0,0.0
374,1976,0.7869433198380567,0.40946737501333935,6,1390,0,0.0
468,1972,0.9168356997971603,0.2761304028436776,4,1967,0,0.0
481,1960,0.9346938775510204,0.24706524000688257,1,1949,0,0.0
411,1958,0.856996935648621,0.35007597452195194,2,1953,0,0.0
519,1930,0.7875647668393783,0.40903117836249847,13,1638,0,0.0
542,1923,0.8008320332813312,0.3993746208158701,4,1782,534,0.27769110764430577
516,1918,0.7367049009384776,0.44042115057261444,2,1379,0,0.0
710,1892,0.7008456659619451,0.4578875609407868,5,1469,0,0.0
553,1872,0.7836538461538461,0.4117529545275057,4,1348,0,0.0
142,1862,0.9264232008592911,0.2610809333691694,2,1737,1862,1.0
467,1852,0.7019438444924406,0.4574042890830966,1,1848,0,0.0
630,1832,0.6741266375545851,0.4687002390589684,7,1625,0,0.0
384,1830,0.7983606557377049,0.4012242753221279,8,1526,0,0.0
483,1828,0.7778993435448578,0.4156584593838277,3,1795,431,0.23577680525164113
548,1810,0.5906077348066299,0.49172170827940004,6,1698,222,0.12265193370165746
259,1772,0.6247178329571106,0.48419568579499156,6,1713,1483,0.8369074492099323
276,1770,0.8395480225988701,0.3670247135401065,7,1751,0,0.0
621,1766,0.7066817667044167,0.4552830408789032,7,1132,0,0.0
567,1756,0.724373576309795,0.4468293838300617,10,1611,179,0.10193621867881549
507,1755,0.4826210826210826,0.49969788195542386,1,1725,0,0.0
450,1744,0.7815366972477065,0.4132034463830781,7,1241,0,0.0
275,1741,0.8374497415278576,0.36895483726708633,6,1702,0,0.0
563,1733,0.7899596076168494,0.40733699310360055,3,1673,0,0.0
517,1727,0.5888824551244933,0.4920364917067051,2,1648,1299,0.7521713954834974
746,1718,0.9132712456344587,0.2814371644466006,6,1488,0,0.0
750,1718,0.6984866123399301,0.45891509533008207,8,425,0,0.0
736,1711,0.9608416130917592,0.19397166711400224,1,1706,0,0.0
568,1711,0.81531268264173,0.3880436987831083,3,1704,304,0.1776738749269433
709,1706,0.5773739742086753,0.4939769914835662,1,1693,1706,1.0
561,1705,0.47038123167155427,0.49912195760425715,1,1391,1705,1.0
246,1698,0.8886925795053003,0.3145124459183066,2,1692,0,0.0
566,1697,0.789628756629346,0.40757230442381526,9,1564,0,0.0
554,1661,0.7959060806742926,0.4030379528282405,1,1615,0,0.0
526,1620,0.5740740740740741,0.4944825897340255,3,1596,1281,0.7907407407407407
546,1614,0.8841387856257745,0.3200584218200722,6,1613,0,0.0
355,1614,0.838909541511772,0.3676143667925405,1,1610,0,0.0
662,1608,0.7126865671641791,0.4525090321175005,3,1175,0,0.0
218,1593,0.8675455116133082,0.33898421333878004,5,1575,662,0.4155681104833647
337,1573,0.7501589319771138,0.43292090357485596,1,1571,0,0.0
543,1572,0.851145038167939,0.35594544830638963,2,1569,383,0.2436386768447837
457,1559,0.8152661962796665,0.38808146758554557,2,1512,1559,1.0
336,1557,0.7764932562620424,0.4165951022775142,5,1513,0,0.0
40,1555,0.6463022508038585,0.478116775913296,2,1552,0,0.0
462,1554,0.814028314028314,0.38908381871845377,6,1462,0,0.0
117,1549,0.6610716591349257,0.4733454559024754,9,736,218,0.1407359586830213
145,1543,0.6493843162670123,0.47716278779200416,10,1404,1,0.0006480881399870382
735,1526,0.6795543905635649,0.46664785527134567,4,1069,0,0.0
388,1518,0.9308300395256917,0.2537429349603471,2,1355,0,0.0
480,1507,0.8798938287989383,0.32508564846895804,4,573,0,0.0
743,1505,0.8199335548172757,0.38424278848402765,4,1398,0,0.0
530,1494,0.8125836680053548,0.3902453721651522,12,980,0,0.0
556,1488,0.896505376344086,0.30460381896856564,4,1464,1361,0.9146505376344086
85,1483,0.868509777478085,0.3379357097186569,4,1344,0,0.0
642,1483,0.5994605529332434,0.49000775341846736,11,1135,0,0.0
731,1479,0.7762001352265044,0.4167894975894435,6,1228,0,0.0
42,1463,0.7764866712235133,0.41659947267818387,8,1037,0,0.0
508,1463,0.7286397812713602,0.44466150094221624,6,1229,0,0.0
482,1458,0.9444444444444444,0.22906142364542562,2,1458,0,0.0
617,1458,0.7654320987654321,0.4237284518945806,6,1242,49,0.033607681755829906
429,1449,0.9924085576259489,0.08679753669737714,2,1449,0,0.0
570,1433,0.7990230286113049,0.4007308677405856,1,1428,1433,1.0
490,1430,0.7475524475524475,0.43441660386176856,18,842,1164,0.813986013986014
338,1429,0.8586424072778167,0.3483900453543021,1,1429,0,0.0
769,1422,0.49859353023909986,0.4999980218388985,2,1322,1415,0.9950773558368495
578,1418,0.5380818053596615,0.498547666828909,7,1407,0,0.0
491,1411,0.7391920623671155,0.4390753435352137,13,864,1164,0.8249468462083629
487,1410,0.873758865248227,0.33212092774824914,3,1410,874,0.6198581560283688
412,1403,0.8638631503920171,0.34293382420927265,2,1336,1088,0.7754811119030649
524,1380,0.7934782608695652,0.40480922716382767,2,1367,950,0.6884057971014492
436,1377,0.8300653594771242,0.37557536989695794,3,761,0,0.0
555,1361,0.899338721528288,0.3008796860676248,1,1361,0,0.0
571,1347,0.7275426874536006,0.4452239047787001,2,1343,138,0.10244988864142539
670,1344,0.7380952380952381,0.43967107887189016,7,1194,27,0.020089285714285716
141,1334,0.9370314842578711,0.24290632302878037,5,1332,1,0.0007496251874062968
426,1319,0.8984078847611827,0.3021111672218029,2,1303,860,0.6520090978013646
395,1316,0.8662613981762918,0.34037125055731104,1,1288,0,0.0
440,1314,0.9079147640791476,0.28914623505460574,3,1106,661,0.5030441400304414
135,1313,0.8796648895658796,0.32535299542332236,2,895,1313,1.0
34,1313,0.7928408225437928,0.4052705918912386,4,1303,129,0.09824828636709824
557,1307,0.8064269319051263,0.3950981338898112,2,1307,0,0.0
733,1293,0.8754833720030936,0.33017001279520597,1,1293,0,0.0
48,1282,0.8876755070202809,0.3157652629035819,10,1100,90,0.07020280811232449
741,1282,0.7215288611544461,0.44824654340620873,7,851,426,0.33229329173166927
268,1279,0.8803752931978108,0.32452216615306806,3,1278,1276,0.9976544175136826
265,1278,0.852112676056338,0.3549882580599594,2,1278,0,0.0
475,1271,0.8811959087332809,0.3235578451606578,8,1205,17,0.013375295043273014
558,1267,0.8942383583267561,0.3075323020819508,5,1263,0,0.0
666,1264,0.571993670886076,0.49478976480152387,5,1041,4,0.0031645569620253164
763,1263,0.8891528107680127,0.3139428130589317,5,1033,0,0.0
572,1256,0.6711783439490446,0.46978503016045814,3,1244,0,0.0
583,1254,0.5933014354066986,0.4912177135965779,8,1017,356,0.2838915470494418
616,1250,0.816,0.3874841932259947,4,1245,0,0.0
565,1239,0.7651331719128329,0.4239155589872117,1,1239,0,0.0
619,1233,0.6155717761557178,0.48645982830672946,11,728,0,0.0
693,1210,0.7859504132231405,0.4101613843080736,6,997,0,0.0
521,1207,0.7216238608119304,0.4481995808998644,1,1201,0,0.0
500,1205,0.9145228215767635,0.27959046906509294,2,1197,215,0.17842323651452283
588,1191,0.9135180520570949,0.28107440406928874,6,1156,1183,0.9932829554995802
552,1183,0.5283178360101437,0.4991974560869703,1,1182,0,0.0
525,1175,0.8331914893617022,0.37280481678343524,4,1164,0,0.0
738,1171,0.9453458582408198,0.22730390790249874,1,1171,0,0.0
486,1168,0.877568493150685,0.32778351541821193,7,1148,0,0.0
610,1162,0.5387263339070568,0.49849801510348984,3,1095,0,0.0
573,1149,0.6222802436901653,0.4848170190938781,7,1133,0,0.0
518,1144,0.7054195804195804,0.45585391956222504,1,1139,0,0.0
383,1122,0.9180035650623886,0.274359289245204,1,1122,0,0.0
74,1120,0.7598214285714285,0.4271917897796048,4,1113,383,0.3419642857142857
686,1119,0.7882037533512064,0.4085811994625756,6,1009,0,0.0
727,1118,0.7906976744186046,0.4068105973147884,5,596,1116,0.998211091234347
458,1116,0.9516129032258065,0.21458281767177534,2,1116,5,0.004480286738351254
703,1105,0.7927601809954751,0.4053288497300638,8,496,0,0.0
544,1101,0.8646684831970936,0.3420773265838165,4,1019,46,0.04178019981834696
580,1099,0.716105550500455,0.4508862284910633,1,1090,0,0.0
435,1097,0.9325432999088423,0.2508112710863874,2,822,0,0.0
350,1095,0.9223744292237442,0.26758146710472347,3,1093,0,0.0
415,1086,0.7900552486187845,0.40726889489463236,2,923,0,0.0
539,1083,0.7534626038781164,0.430995021357933,5,733,426,0.39335180055401664
562,1083,0.7091412742382271,0.4541584827018105,3,1082,0,0.0
522,1077,0.6239554317548747,0.4843914232709562,1,1031,0,0.0
772,1061,0.8180961357210179,0.3857652763525454,2,1051,0,0.0
706,1037,0.8293153326904532,0.3762331878702039,5,884,419,0.40405014464802314
643,1034,0.8471953578336557,0.3597990876847241,7,629,0,0.0
419,1023,0.5454545454545454,0.49792959773196915,2,950,511,0.4995112414467253
690,1009,0.7938553022794846,0.4045356119332793,5,1000,105,0.10406342913776016
424,992,0.8467741935483871,0.36020502313108543,2,985,872,0.8790322580645161
644,984,0.7611788617886179,0.4263632279580428,5,678,0,0.0
427,968,0.8419421487603306,0.36479523969093675,2,968,0,0.0
538,965,0.8435233160621761,0.36330666291942165,5,781,0,0.0
691,959,0.635036496350365,0.4814199254844132,6,915,0,0.0
579,932,0.8369098712446352,0.36944788354776553,2,927,883,0.9474248927038627
456,930,0.8053763440860215,0.395910707701441,2,924,893,0.9602150537634409
827,930,0.6881720430107527,0.46323998340941974,3,703,0,0.0
734,928,0.6939655172413793,0.4608442015706438,7,875,0,0.0
632,925,0.7329729729729729,0.44240659337778226,12,824,92,0.09945945945945946
477,916,0.9279475982532751,0.25857465681936703,2,915,0,0.0
478,914,0.9288840262582057,0.25701846630261943,1,913,914,1.0
452,893,0.6741321388577828,0.46869819523528555,3,720,0,0.0
732,889,0.484814398200225,0.49976934429592484,1,882,0,0.0
545,880,0.9420454545454545,0.23365747605352258,3,615,0,0.0
132,878,0.9111617312072893,0.284510159380337,1,816,878,1.0
707,877,0.8187001140250855,0.3852664497726184,8,563,0,0.0
665,872,0.6938073394495413,0.4609107453460923,1,869,0,0.0
484,856,0.7745327102803738,0.41788968758048134,3,818,0,0.0
753,820,0.8914634146341464,0.31105689994432595,4,652,0,0.0
625,818,0.9144254278728606,0.2797348114418304,8,441,93,0.1136919315403423
704,817,0.8837209302325582,0.3205592733044238,1,817,0,0.0
464,817,0.7784577723378213,0.41528456391329793,8,763,364,0.4455324357405141
608,810,0.6975308641975309,0.45932728820458363,7,676,0,0.0
595,809,0.7985166872682324,0.40110819914631557,13,494,0,0.0
46,799,0.8873591989987485,0.3161532080353574,2,719,0,0.0
853,793,0.8259773013871374,0.37912900044755127,5,785,113,0.1424968474148802
611,793,0.7402269861286255,0.43850997153492094,3,792,0,0.0
825,793,0.7276166456494325,0.4451860988657448,1,621,0,0.0
695,791,0.7471554993678887,0.43464256479572905,3,790,236,0.29835651074589126
465,775,0.8270967741935484,0.3781635893527757,3,665,0,0.0
711,774,0.9509043927648578,0.21606764816916663,2,581,0,0.0
463,749,0.8437917222963952,0.3630526844419117,3,556,749,1.0
179,745,0.6161073825503356,0.4863322688423112,3,741,708,0.9503355704697987
756,730,0.7424657534246575,0.4372760665943349,3,457,730,1.0
807,730,0.6506849315068494,0.4767536590491741,7,714,0,0.0
826,728,0.8324175824175825,0.37349504802560607,1,726,0,0.0
529,722,0.6121883656509696,0.48725123972398915,10,606,435,0.6024930747922438
392,718,0.8941504178272981,0.3076450034155705,1,718,0,0.0
576,718,0.5668523676880223,0.495510606278519,3,717,0,0.0
138,715,0.43916083916083914,0.4962847937509135,2,639,715,1.0
713,712,0.8974719101123596,0.30334152480600535,6,668,600,0.8426966292134831
816,710,0.9211267605633803,0.26954081608801544,2,710,710,1.0
541,706,0.7521246458923513,0.43177906727127985,3,596,0,0.0
229,705,0.5148936170212766,0.4997781309461465,6,686,7,0.009929078014184398
663,691,0.8972503617945007,0.3036316025286866,1,691,0,0.0
434,680,0.9735294117647059,0.1605300476352375,1,680,0,0.0
684,678,0.8112094395280236,0.3913421581540295,4,408,0,0.0
623,675,0.8696296296296296,0.3367104644941449,6,486,148,0.21925925925925926
598,674,0.841246290801187,0.36544626009090825,3,674,103,0.15281899109792285
884,669,0.890881913303438,0.3117873150919447,1,666,0,0.0
217,662,0.8564954682779456,0.3505866242418388,2,662,662,1.0
219,662,0.8564954682779456,0.3505866242418388,2,662,662,1.0
586,654,0.5581039755351682,0.4966124525492777,6,597,0,0.0
773,654,0.4984709480122324,0.49999766199455237,1,633,0,0.0
689,649,0.7565485362095532,0.4291652928286904,2,645,589,0.9075500770416025
605,642,0.7632398753894081,0.42509383435303894,5,632,0,0.0
654,625,0.84,0.3666060555964672,2,564,256,0.4096
744,620,0.6887096774193548,0.46302122807521795,2,620,449,0.7241935483870968
748,615,0.8308943089430895,0.37484524314585516,4,465,0,0.0
547,613,0.8482871125611745,0.35874236887186844,1,613,0,0.0
762,611,0.707037643207856,0.4551213182162933,4,523,0,0.0
340,610,0.8967213114754098,0.30432252795550785,3,609,0,0.0
485,603,0.7661691542288557,0.42326585184384485,1,603,603,1.0
45,599,0.4958263772954925,0.4999825805700839,4,403,0,0.0
688,589,0.7606112054329371,0.4267104399974196,1,588,589,1.0
584,587,0.7751277683134583,0.41749815700534054,2,586,0,0.0
615,586,0.7491467576791809,0.4335042019841925,4,464,0,0.0
669,585,0.6581196581196581,0.47433972394911483,8,443,431,0.7367521367521368
677,584,0.761986301369863,0.4258675591008774,2,582,0,0.0
828,578,0.8529411764705882,0.35416454643506756,1,578,578,1.0
311,576,0.5138888888888888,0.4998070615401828,4,561,0,0.0
9,569,0.6362038664323374,0.4810909547776615,5,567,106,0.18629173989455183
858,566,0.7791519434628975,0.4148182643771695,2,553,0,0.0
755,562,0.7686832740213523,0.42167439839426685,2,558,0,0.0
493,548,0.8594890510948905,0.34751636241031186,1,548,0,0.0
745,543,0.7955801104972375,0.4032770738319261,3,543,79,0.14548802946593
326,541,0.9353049907578558,0.24598692042729234,1,541,0,0.0
495,533,0.8986866791744841,0.30174315542994845,1,533,533,1.0
230,515,0.46990291262135925,0.49909334330495986,3,515,455,0.883495145631068
714,512,0.841796875,0.3649313582582817,5,314,12,0.0234375
761,510,0.796078431372549,0.40291135808757084,1,501,0,0.0
94,491,0.5213849287169042,0.4995424754951004,5,274,0,0.0
641,490,0.8836734693877552,0.32061607708903705,6,287,144,0.2938775510204082
860,489,0.5296523517382413,0.4991199635722775,3,405,315,0.6441717791411042
687,487,0.8418891170431212,0.36484494192392886,1,487,0,0.0
628,486,0.8045267489711934,0.3965645712378197,6,334,201,0.41358024691358025
492,483,0.8612836438923396,0.3456502982146452,1,483,0,0.0
511,483,0.6666666666666666,0.4714045207910317,1,483,0,0.0
646,472,0.7584745762711864,0.42800805298665884,5,471,0,0.0
774,472,0.7245762711864406,0.44672754383404006,3,464,0,0.0
767,472,0.7139830508474576,0.4518973931657655,3,464,453,0.9597457627118644
629,466,0.8669527896995708,0.33962575010105245,3,362,0,0.0
747,465,0.896774193548387,0.3042535773561702,1,465,0,0.0
749,464,0.6918103448275862,0.461745375306697,2,242,0,0.0
757,457,0.6739606126914661,0.4687618854301294,4,452,216,0.4726477024070022
648,455,0.7428571428571429,0.4370588154508101,5,454,12,0.026373626373626374
712,454,0.8590308370044053,0.34798973846927755,3,271,0,0.0
708,449,0.9287305122494433,0.25727446019053274,2,336,181,0.40311804008908686
855,449,0.8106904231625836,0.3917543375063699,1,449,0,0.0
766,446,0.8834080717488789,0.3209334051135944,3,445,0,0.0
834,443,0.8984198645598194,0.30209536825998373,1,243,0,0.0
494,441,0.9002267573696145,0.2996974185497828,2,440,0,0.0
639,433,0.8060046189376443,0.39542530671269266,6,400,150,0.3464203233256351
705,432,0.8888888888888888,0.3142696805273545,5,427,429,0.9930555555555556
667,431,0.6032482598607889,0.4892236674934268,6,334,431,1.0
668,431,0.6032482598607889,0.4892236674934268,6,334,431,1.0
724,429,0.9347319347319347,0.24699826907132127,2,428,32,0.07459207459207459
859,429,0.7202797202797203,0.4488617212833906,2,429,0,0.0
806,425,0.8752941176470588,0.33038511658292896,1,422,0,0.0
471,423,0.9456264775413712,0.22675326351360378,3,423,0,0.0
660,421,0.5249406175771971,0.4993775781859534,4,420,0,0.0
768,418,0.7440191387559809,0.43641111342493255,2,286,418,1.0
47,412,0.7888349514563107,0.4081352359417533,2,389,412,1.0
589,411,0.8759124087591241,0.3296814537412034,1,410,411,1.0
867,408,0.7598039215686274,0.42720243718588785,4,244,0,0.0
469,403,0.8858560794044665,0.3179859839467992,1,403,0,0.0
764,401,0.885286783042394,0.3186755321841374,2,224,0,0.0
636,398,0.7361809045226131,0.44070237160569076,3,338,155,0.38944723618090454
770,397,0.7178841309823678,0.4500294495542023,3,327,0,0.0
470,393,0.7684478371501272,0.4218243221169433,1,393,0,0.0
719,390,0.9615384615384616,0.1923076923076923,2,386,0,0.0
869,390,0.6871794871794872,0.46364193035059303,9,325,11,0.028205128205128206
106,384,0.6848958333333334,0.4645573493294151,1,383,384,1.0
740,384,0.65625,0.47495887979908324,2,375,0,0.0
453,382,0.8324607329842932,0.3734566387461153,1,382,382,1.0
752,376,0.7526595744680851,0.43146626685015155,4,225,0,0.0
813,373,0.36193029490616624,0.4805587961272812,4,246,0,0.0
824,368,0.8152173913043478,0.38812111024689405,1,368,368,1.0
612,368,0.7880434782608695,0.4086942067504505,4,262,0,0.0
739,356,0.4943820224719101,0.4999684373322919,1,348,0,0.0
449,351,0.8062678062678063,0.39522149592842937,2,348,351,1.0
795,348,0.4281609195402299,0.4948122335984577,7,327,0,0.0
528,347,0.6714697406340058,0.4696787498353601,1,347,347,1.0
718,346,0.869942196531792,0.3363670186347542,2,345,0,0.0
533,344,0.7616279069767442,0.4260878293157035,1,344,0,0.0
694,335,0.8925373134328358,0.3097005934171448,8,259,8,0.023880597014925373
842,335,0.7701492537313432,0.4207367118619414,3,335,0,0.0
771,329,0.9726443768996961,0.1631174208510485,1,327,0,0.0
637,324,0.9475308641975309,0.22297113174267913,1,320,324,1.0
840,324,0.8395061728395061,0.36706342585971613,1,234,0,0.0
841,324,0.8395061728395061,0.36706342585971613,1,234,324,1.0
805,323,0.9040247678018576,0.2945572728734686,2,282,231,0.7151702786377709
614,321,0.7258566978193146,0.44608155313816195,2,321,0,0.0
730,315,0.8539682539682539,0.35313803984088954,1,314,0,0.0
729,315,0.7396825396825397,0.4388077941095939,4,312,74,0.23492063492063492
775,310,0.4064516129032258,0.49117074350127177,3,310,0,0.0
536,309,0.7831715210355987,0.41208480883719245,1,299,0,0.0
441,300,0.8866666666666667,0.3169998247458331,1,300,0,0.0
596,294,0.6904761904761905,0.46229732949875235,2,179,0,0.0
808,284,0.8556338028169014,0.3514606639355097,1,283,0,0.0
675,281,0.8612099644128114,0.34572729369966654,5,258,0,0.0
887,275,0.9309090909090909,0.2536086658060028,3,274,225,0.8181818181818182
742,271,0.5571955719557196,0.4967178943310358,2,271,93,0.34317343173431736
602,270,0.6,0.48989794855663565,4,232,262,0.9703703703703703
715,267,0.8539325842696629,0.35317378978655534,2,265,0,0.0
597,266,0.6015037593984962,0.48958858935638216,3,232,0,0.0
682,264,0.7348484848484849,0.44141385248355197,3,264,0,0.0
821,262,0.9389312977099237,0.23945629223447518,1,249,262,1.0
685,262,0.5610687022900763,0.496256600561248,4,261,0,0.0
633,257,0.8404669260700389,0.36617246244415846,2,200,66,0.25680933852140075
601,253,0.857707509881423,0.3493498781657605,4,184,0,0.0
73,252,0.9087301587301587,0.28799246056870875,1,251,0,0.0
353,251,0.9322709163346613,0.2512804307764379,2,251,0,0.0
574,249,0.6706827309236948,0.4699653235765694,5,236,34,0.13654618473895583
844,247,0.7935222672064778,0.40477731983643683,3,247,0,0.0
618,244,0.5860655737704918,0.49253702095533497,4,244,0,0.0
833,240,0.8625,0.3443744328488978,1,240,0,0.0
863,236,0.8177966101694916,0.38601206530985566,2,230,0,0.0
837,235,0.9148936170212766,0.27903993720434045,2,193,4,0.01702127659574468
110,233,0.6523605150214592,0.4762208242636977,1,233,0,0.0
822,231,0.2554112554112554,0.4360921301978538,1,229,0,0.0
634,228,0.8333333333333334,0.3726779962499649,3,228,0,0.0
819,227,0.2687224669603524,0.4432952771134549,1,223,0,0.0
820,222,0.6756756756756757,0.46812183988348033,1,222,0,0.0
672,219,0.9726027397260274,0.16323801764127377,1,218,0,0.0
656,219,0.8904109589041096,0.31237682879428436,2,218,0,0.0
147,219,0.684931506849315,0.464543149529128,1,217,0,0.0
671,217,0.9815668202764977,0.13451170063895324,1,216,0,0.0
674,215,0.8837209302325582,0.32055927330442374,2,116,0,0.0
836,211,0.6540284360189573,0.47568397166349213,2,181,211,1.0
607,202,0.7574257425742574,0.428639693752331,3,102,78,0.38613861386138615
680,193,0.8601036269430051,0.3468794860790891,3,66,0,0.0
651,192,0.484375,0.49975579974123363,1,153,0,0.0
899,188,0.973404255319149,0.16089876023674654,2,74,0,0.0
812,188,0.8404255319148937,0.3662109463416704,2,185,177,0.9414893617021277
796,188,0.4308510638297872,0.4951953398675394,1,188,0,0.0
849,186,0.8118279569892473,0.3908494917994804,2,186,0,0.0
850,186,0.8118279569892473,0.3908494917994804,2,186,186,1.0
852,186,0.8118279569892473,0.3908494917994804,2,184,0,0.0
649,186,0.7043010752688172,0.4563562979120646,1,186,186,1.0
891,185,0.9405405405405406,0.23648262545110657,1,185,185,1.0
907,184,0.7989130434782609,0.40081291451070206,1,183,0,0.0
650,182,0.9725274725274725,0.16345576682025847,1,182,0,0.0
647,178,0.898876404494382,0.3014923115730053,3,177,0,0.0
882,178,0.651685393258427,0.47643629319357733,4,119,119,0.6685393258426966
716,176,0.9318181818181818,0.25205764787294127,1,173,0,0.0
783,176,0.8068181818181818,0.3947943810463684,3,112,0,0.0
868,176,0.6306818181818182,0.4826202051268619,1,175,176,1.0
627,172,0.5348837209302325,0.4987816416169121,2,137,172,1.0
847,169,0.8047337278106509,0.39640554377382786,2,167,0,0.0
935,168,0.9166666666666666,0.2763853991962833,2,100,0,0.0
645,167,0.8023952095808383,0.3981923369711689,1,167,0,0.0
657,166,0.9879518072289156,0.10910102576069176,1,165,0,0.0
606,166,0.8493975903614458,0.3576609062360818,2,109,0,0.0
861,166,0.42771084337349397,0.4947466804681244,1,166,0,0.0
722,164,0.9878048780487805,0.10975609756097561,1,163,0,0.0
721,164,0.6829268292682927,0.4653361958131442,1,164,0,0.0
696,163,0.9202453987730062,0.27091291001005663,2,163,0,0.0
626,163,0.5276073619631901,0.4992372517805872,1,163,0,0.0
811,162,0.808641975308642,0.393370221391477,1,162,0,0.0
815,162,0.7283950617283951,0.4447872477691809,4,162,0,0.0
903,161,0.9875776397515528,0.11076120807532303,1,161,0,0.0
857,160,0.8375,0.36890886408434265,2,159,0,0.0
717,159,0.9245283018867925,0.26415094339622647,1,159,0,0.0
620,159,0.89937106918239,0.30083674825412327,1,159,0,0.0
520,159,0.39622641509433965,0.4891125055402158,2,157,0,0.0
880,158,0.7911392405063291,0.4064947018564914,2,94,158,1.0
624,156,0.4935897435897436,0.49995890692411393,1,153,0,0.0
856,155,0.8580645161290322,0.3489839570657683,1,155,0,0.0
701,155,0.8064516129032258,0.3950789907714803,3,98,0,0.0
814,154,0.6428571428571429,0.47915742374995496,2,153,82,0.5324675324675324
661,152,0.9868421052631579,0.11395071102426826,1,152,0,0.0
640,152,0.02631578947368421,0.16007269816574263,1,151,152,1.0
866,151,0.9867549668874173,0.11432236093796073,1,151,0,0.0
638,150,0.94,0.23748684174075832,1,149,0,0.0
622,148,0.8851351351351351,0.31885878956748426,1,148,0,0.0
790,148,0.831081081081081,0.37468028737869646,2,148,0,0.0
864,146,0.8356164383561644,0.3706232673553063,1,118,0,0.0
873,145,0.8068965517241379,0.39473346265528786,1,145,0,0.0
878,142,0.7253521126760564,0.4463366726053753,4,133,0,0.0
862,142,0.4647887323943662,0.4987586256232613,2,141,0,0.0
877,139,0.7913669064748201,0.4063315466602284,4,132,0,0.0
659,139,0.7769784172661871,0.4162726947191203,1,138,0,0.0
865,139,0.6402877697841727,0.4799159735297242,1,139,0,0.0
910,138,0.9130434782608695,0.2817713347133852,2,136,138,1.0
655,138,0.5072463768115942,0.49994748726551713,1,129,0,0.0
792,133,0.8571428571428571,0.3499271061118826,3,129,0,0.0
917,132,0.9318181818181818,0.25205764787294127,5,131,101,0.7651515151515151
653,131,0.9389312977099237,0.2394562922344752,1,131,131,1.0
699,131,0.6641221374045801,0.47229643658803117,1,129,131,1.0
720,129,0.9457364341085271,0.22653704180158846,1,129,0,0.0
599,125,0.76,0.4270831300812525,3,123,86,0.688
916,124,0.9193548387096774,0.27228940348603436,2,124,0,0.0
658,120,0.7083333333333334,0.4545296714431548,1,120,120,1.0
881,119,0.6050420168067226,0.4888416662940836,2,118,0,0.0
810,117,0.6239316239316239,0.48439751505315404,1,117,117,1.0
652,117,0.5299145299145299,0.49910431865492083,1,116,0,0.0
809,117,0.452991452991453,0.4977852915747362,1,117,0,0.0
759,117,0.39316239316239315,0.48845237819588205,2,116,0,0.0
692,115,1.0,0.0,1,114,0,0.0
631,115,0.6608695652173913,0.47341417700230265,1,115,0,0.0
854,115,0.6086956521739131,0.48804226784007926,1,115,0,0.0
830,114,0.7192982456140351,0.4493420517496736,3,99,41,0.35964912280701755
851,114,0.6403508771929824,0.4798975216347343,1,114,114,1.0
897,111,0.9279279279279279,0.25860720890824007,2,111,0,0.0
900,110,0.8363636363636363,0.36994527180683273,1,110,0,0.0
676,109,0.7981651376146789,0.4013695936555478,1,109,0,0.0
892,108,0.8796296296296297,0.3253941368667699,4,100,0,0.0
758,107,0.7570093457943925,0.42888949179752395,1,107,0,0.0
791,105,0.6761904761904762,0.46792832367764753,4,51,0,0.0
926,104,0.6923076923076923,0.46153846153846156,2,104,0,0.0
789,103,0.9514563106796117,0.21491207399202583,2,103,103,1.0
803,103,0.0,0.0,1,103,0,0.0
923,102,0.7843137254901961,0.4112975875177064,2,102,0,0.0
725,101,0.7425742574257426,0.43721588447167553,1,101,0,0.0
909,98,0.9081632653061225,0.28879534077724295,2,98,0,0.0
174,98,0.6938775510204082,0.4608812159443354,2,98,0,0.0
843,96,0.75,0.4330127018922193,2,96,0,0.0
838,95,1.0,0.0,1,94,0,0.0
673,95,0.9263157894736842,0.26125628728401806,1,95,0,0.0
848,94,0.7872340425531915,0.40926349067385837,1,94,0,0.0
600,93,0.7634408602150538,0.42496930850257003,2,93,8,0.08602150537634409
697,90,0.9666666666666667,0.17950549357115014,1,90,0,0.0
760,90,0.9111111111111111,0.28458329944145994,2,90,0,0.0
901,90,0.7555555555555555,0.42975732457363813,1,90,0,0.0
604,86,0.8488372093023255,0.35820748373835726,6,86,0,0.0
839,82,0.975609756097561,0.1542574468374819,1,75,82,1.0
785,81,0.9135802469135802,0.28098288090718626,2,41,0,0.0
804,78,0.9358974358974359,0.24493555351977947,1,78,0,0.0
817,75,0.5733333333333334,0.4945929864264375,1,75,0,0.0
846,74,0.7567567567567568,0.4290407531456093,7,74,33,0.44594594594594594
802,74,0.6891891891891891,0.46282550782550563,1,74,74,1.0
904,73,0.9726027397260274,0.16323801764127377,1,73,0,0.0
893,72,0.9027777777777778,0.29626012510696587,2,72,0,0.0
832,72,0.5694444444444444,0.495153985277108,1,71,0,0.0
906,71,0.7605633802816901,0.4267396452829047,1,69,71,1.0
911,70,0.9142857142857143,0.27994168488950605,2,60,0,0.0
728,70,0.8428571428571429,0.3639354057959142,1,68,0,0.0
681,69,0.8840579710144928,0.3201553918025293,2,69,0,0.0
885,69,0.8260869565217391,0.37903469074266727,2,69,0,0.0
927,69,0.6666666666666666,0.47140452079103173,2,69,0,0.0
823,68,0.6029411764705882,0.4892883752827684,1,68,0,0.0
799,67,0.8656716417910447,0.3410047659342048,2,67,0,0.0
883,67,0.7313432835820896,0.44326096731097003,2,67,0,0.0
871,66,0.696969696969697,0.459568208730397,1,66,0,0.0
933,65,0.9384615384615385,0.24031537464328168,1,65,0,0.0
781,65,0.8923076923076924,0.3099914104555367,2,50,0,0.0
678,65,0.8307692307692308,0.37495561867550586,1,65,0,0.0
679,64,0.78125,0.41339864235384227,1,63,0,0.0
914,63,0.9523809523809523,0.21295885499997996,1,63,0,0.0
831,63,0.5873015873015873,0.49231944188161336,1,63,0,0.0
912,62,0.9838709677419355,0.12597176896623638,2,62,0,0.0
934,60,0.75,0.4330127018922193,1,60,0,0.0
879,60,0.6166666666666667,0.4861984048604941,1,60,0,0.0
698,59,0.9322033898305084,0.2513965588845988,1,59,0,0.0
835,59,0.8813559322033898,0.32336922081930364,2,58,0,0.0
874,59,0.6949152542372882,0.4604433121086822,1,59,0,0.0
776,58,0.8793103448275862,0.32576626944295145,1,58,0,0.0
921,58,0.8793103448275862,0.32576626944295145,2,42,0,0.0
913,58,0.8620689655172413,0.3448275862068965,1,58,0,0.0
818,57,0.7543859649122807,0.4304506718029929,2,57,0,0.0
905,56,0.8928571428571429,0.30929478706587094,2,55,0,0.0
778,55,0.8181818181818182,0.3856946079199351,1,55,0,0.0
920,54,0.8148148148148148,0.38844772154450063,2,44,0,0.0
786,53,0.7735849056603774,0.41851081156261954,1,53,0,0.0
777,53,0.6226415094339622,0.4847257576854766,1,53,0,0.0
940,53,0.5471698113207547,0.4977700361612422,1,40,0,0.0
794,52,0.9423076923076923,0.23316068563427197,1,52,52,1.0
845,52,0.8653846153846154,0.341312295178824,1,52,0,0.0
788,51,0.9803921568627451,0.1386483884679505,1,51,0,0.0
793,51,0.9411764705882353,0.23529411764705882,1,51,0,0.0
754,51,0.5882352941176471,0.4921529567847503,1,51,51,1.0
898,50,0.86,0.3469870314579494,1,50,0,0.0
894,50,0.64,0.48,3,50,0,0.0
922,49,0.7959183673469388,0.403028931798602,1,42,0,0.0
888,49,0.7551020408163265,0.4300266837899077,1,47,0,0.0
902,47,0.9787234042553191,0.14430489325798443,1,47,0,0.0
939,47,0.9574468085106383,0.20184751022351363,1,47,0,0.0
787,47,0.8936170212765957,0.30832716481254124,1,47,0,0.0
895,47,0.574468085106383,0.4944234058988191,1,47,0,0.0
924,46,0.5652173913043478,0.4957284456952774,1,46,0,0.0
925,45,0.9777777777777777,0.14740554623801777,1,45,0,0.0
928,45,0.6,0.4898979485566356,3,31,41,0.9111111111111111
886,42,0.8095238095238095,0.39267672624930094,4,41,0,0.0
801,41,0.8048780487804879,0.39629455632370536,1,41,0,0.0
919,40,0.8,0.4,3,37,0,0.0
797,39,0.717948717948718,0.44999817371241657,1,39,39,1.0
798,36,0.9166666666666666,0.27638539919628335,1,36,0,0.0
784,36,0.9166666666666666,0.27638539919628335,1,36,36,1.0
889,36,0.8333333333333334,0.37267799624996495,3,36,0,0.0
800,36,0.7777777777777778,0.41573970964154905,1,36,36,1.0
876,36,0.5,0.5,1,36,0,0.0
702,35,0.9714285714285714,0.1665986255670086,1,35,0,0.0
896,35,0.8857142857142857,0.318157963590287,1,35,0,0.0
918,35,0.8571428571428571,0.3499271061118826,2,34,0,0.0
779,35,0.8285714285714286,0.37688302737922635,1,35,35,1.0
875,34,0.35294117647058826,0.4778846120374094,4,33,0,0.0
513,32,0.78125,0.41339864235384227,2,32,0,0.0
890,31,0.8387096774193549,0.3677985242255284,2,31,4,0.12903225806451613
908,31,0.7096774193548387,0.4539112025635577,1,31,0,0.0
963,30,0.9333333333333333,0.24944382578492943,1,29,0,0.0
915,30,0.8,0.4,1,30,0,0.0
592,25,0.76,0.4270831300812524,2,25,25,1.0
941,24,0.625,0.4841229182759271,1,24,0,0.0
591,21,0.8095238095238095,0.39267672624930106,4,19,16,0.7619047619047619
936,20,0.9,0.3,2,20,0,0.0
937,20,0.9,0.30000000000000004,1,20,0,0.0
965,20,0.65,0.47696960070847283,2,11,9,0.45
938,20,0.35,0.47696960070847283,1,20,0,0.0
930,19,0.5263157894736842,0.4993069989739547,1,19,19,1.0
780,18,0.9444444444444444,0.2290614236454256,1,18,0,0.0
782,18,0.8333333333333334,0.37267799624996495,1,18,0,0.0
954,16,0.875,0.33071891388307384,1,16,0,0.0
590,15,0.8666666666666667,0.339934634239519,1,15,0,0.0
955,14,0.7142857142857143,0.45175395145262565,1,14,0,0.0
929,13,0.8461538461538461,0.36080121229410994,1,13,0,0.0
958,13,0.6923076923076923,0.46153846153846156,1,13,13,1.0
957,13,0.38461538461538464,0.48650425541051995,1,13,13,1.0
870,12,0.8333333333333334,0.3726779962499649,1,12,0,0.0
976,12,0.8333333333333334,0.3726779962499649,3,8,0,0.0
974,12,0.5833333333333334,0.4930066485916347,3,10,12,1.0
603,11,1.0,0.0,1,11,0,0.0
948,11,0.8181818181818182,0.385694607919935,1,11,0,0.0
962,10,1.0,0.0,1,9,0,0.0
943,9,0.7777777777777778,0.41573970964154905,2,9,0,0.0
944,9,0.7777777777777778,0.41573970964154905,2,9,9,1.0
983,9,0.5555555555555556,0.4969039949999533,2,5,0,0.0
961,9,0.5555555555555556,0.4969039949999533,1,9,0,0.0
613,9,0.4444444444444444,0.4969039949999533,3,7,0,0.0
950,8,1.0,0.0,1,8,0,0.0
951,7,1.0,0.0,1,7,0,0.0
959,7,0.7142857142857143,0.4517539514526256,1,7,7,1.0
952,7,0.7142857142857143,0.4517539514526256,2,7,0,0.0
953,7,0.0,0.0,1,7,0,0.0
931,6,1.0,0.0,1,6,0,0.0
945,6,1.0,0.0,1,6,0,0.0
973,6,0.8333333333333334,0.372677996249965,2,3,0,0.0
609,6,0.8333333333333334,0.37267799624996495,2,6,4,0.6666666666666666
956,6,0.6666666666666666,0.4714045207910317,1,6,0,0.0
947,5,1.0,0.0,1,5,0,0.0
970,5,1.0,0.0,3,2,5,1.0
977,5,0.6,0.48989794855663565,3,4,1,0.2
979,5,0.4,0.48989794855663565,1,4,0,0.0
982,5,0.0,0.0,1,5,0,0.0
987,4,1.0,0.0,1,3,0,0.0
971,4,1.0,0.0,1,4,0,0.0
964,4,1.0,0.0,1,4,0,0.0
949,4,1.0,0.0,1,4,0,0.0
986,4,0.5,0.5,1,3,0,0.0
960,4,0.25,0.4330127018922193,2,4,0,0.0
726,4,0.25,0.4330127018922193,2,2,0,0.0
946,3,1.0,0.0,2,3,0,0.0
969,3,1.0,0.0,2,2,0,0.0
765,3,0.6666666666666666,0.4714045207910317,2,3,0,0.0
993,3,0.6666666666666666,0.4714045207910317,1,2,3,1.0
972,3,0.3333333333333333,0.4714045207910317,1,3,3,1.0
932,2,1.0,0.0,1,2,0,0.0
942,2,1.0,0.0,2,2,0,0.0
994,2,1.0,0.0,1,2,0,0.0
985,2,1.0,0.0,1,2,0,0.0
975,2,1.0,0.0,1,2,2,1.0
978,2,0.5,0.5,1,2,2,1.0
872,2,0.5,0.5,1,2,0,0.0
991,2,0.0,0.0,1,2,0,0.0
992,2,0.0,0.0,1,2,2,1.0
966,1,1.0,0.0,1,1,0,0.0
967,1,1.0,0.0,1,1,0,0.0
968,1,1.0,0.0,1,1,0,0.0
980,1,1.0,0.0,1,1,0,0.0
981,1,1.0,0.0,1,1,0,0.0
984,1,1.0,0.0,1,1,1,1.0
999,1,1.0,0.0,1,1,0,0.0
995,1,1.0,0.0,1,1,0,0.0
593,1,1.0,0.0,1,1,0,0.0
988,1,1.0,0.0,1,1,1,1.0
989,1,1.0,0.0,1,1,0,0.0
990,1,1.0,0.0,1,1,0,0.0
996,1,0.0,0.0,1,1,0,0.0
